Carimbo de data/hora,Perfil,zona,tipo_deficiencia,Acesso_a_agua,literacia,produto,dificuldades
2026/03/20 5:18:52 p.m. CET,Sou Uma Mulher Sem Deficiência,Zona Suburbana,Sem Deficiência,Água canalizada (torneira em casa),Ensino Médio,Penso higiénico (descartável ou pano),Custo ou falta de acesso no mercado local
2026/03/20 5:21:38 p.m. CET,Sou Uma Mulher Sem Deficiência,Zona Urbana,Visual (baixa visão ou cegueira),Água canalizada (torneira em casa),Ensino Médio,Penso higiénico (descartável ou pano),Necessidade de apoio de terceiros
2026/03/20 5:27:42 p.m. CET,Sou uma mulher com deficiência,Zona Urbana,Motora (dificuldade de movimento),Água canalizada (torneira em casa),Ensino superior,Cueca absorvente,Sem dificuldades
2026/03/20 6:20:56 p.m. CET,Sou Uma Mulher Sem Deficiência,Zona Urbana,Sem Deficiência,"Poço, nascente ou chafariz próximo",Ensino superior,Penso higiénico (descartável ou pano),Dificuldade em colocar/remover o produto
2026/03/20 6:38:37 p.m. CET,Sou Profissional De Saúde,Zona Urbana,Visual (baixa visão ou cegueira),Água canalizada (torneira em casa),Ensino superior,Penso higiénico (descartável ou pano),Falta de informação sobre opções disponíveis
2026/03/20 6:43:23 p.m. CET,Sou uma mulher com deficiência,Zona Urbana,Visual (baixa visão ou cegueira),Acesso irregular ou muito limitado,Ensino superior,Penso higiénico (descartável ou pano),Custo ou falta de acesso no mercado local
2026/03/20 7:13:30 p.m. CET,Sou Profissional De Saúde,Zona Urbana,Sem Deficiência,Água canalizada (torneira em casa),Ensino superior,Penso higiénico (descartável ou pano),Sem dificuldades
2026/03/20 7:21:32 p.m. CET,Sou Uma Mulher Sem Deficiência,Zona Urbana,Sem Deficiência,Água canalizada (torneira em casa),Ensino superior,Penso higiénico (descartável ou pano),Sem dificuldades
2026/03/20 7:33:46 p.m. CET,Sou Profissional De Saúde,Zona Urbana,Sem Deficiência,Água canalizada (torneira em casa),Ensino Médio,Cueca absorvente,Sem dificuldades
2026/03/20 7:34:52 p.m. CET,Sou Uma Mulher Sem Deficiência,Zona Urbana,Visual (baixa visão ou cegueira),Água canalizada (torneira em casa),Ensino Médio,Cueca absorvente,Necessidade de apoio de terceiros
2026/03/20 7:52:13 p.m. CET,Sou Uma Mulher Sem Deficiência,Zona Suburbana,Sem Deficiência,Água canalizada (torneira em casa),Ensino superior,Penso higiénico (descartável ou pano),Falta de informação sobre opções disponíveis
2026/03/20 7:55:04 p.m. CET,Sou Uma Mulher Sem Deficiência,Zona Urbana,Sem Deficiência,Água canalizada (torneira em casa),Ensino superior,Penso higiénico (descartável ou pano),Sem dificuldades
2026/03/20 8:22:00 p.m. CET,Sou uma mulher com deficiência,Zona Urbana,Visual (baixa visão ou cegueira),Água canalizada (torneira em casa),Ensino superior,Coletor menstrual,Dificuldade em colocar/remover o produto
2026/03/20 8:32:57 p.m. CET,Sou Uma Mulher Sem Deficiência,Zona Suburbana,Intelectual (dificuldade de aprendizagem),Água canalizada (torneira em casa),Ensino Médio,Cueca absorvente,Falta de informação sobre opções disponíveis
2026/03/20 8:34:42 p.m. CET,Sou Uma Mulher Sem Deficiência,Zona Suburbana,Visual (baixa visão ou cegueira),Água canalizada (torneira em casa),Ensino Médio,Cueca absorvente,Falta de informação sobre opções disponíveis
2026/03/20 9:03:59 p.m. CET,Sou Profissional De Saúde,Zona Suburbana,Sem Deficiência,Água canalizada (torneira em casa),Ensino superior,Penso higiénico (descartável ou pano),Necessidade de apoio de terceiros
2026/03/20 9:27:11 p.m. CET,Sou Uma Mulher Sem Deficiência,Zona Urbana,Sem Deficiência,Água canalizada (torneira em casa),Ensino Médio,Nenhum / sem acesso a produtos,Falta de informação sobre opções disponíveis
2026/03/20 9:28:27 p.m. CET,Sou Uma Mulher Sem Deficiência,Zona Suburbana,Sem Deficiência,Água canalizada (torneira em casa),Ensino Médio,Penso higiénico (descartável ou pano),Falta de informação sobre opções disponíveis
2026/03/20 9:32:32 p.m. CET,Sou Profissional De Saúde,Zona Urbana,Sem Deficiência,Água canalizada (torneira em casa),Ensino superior,Penso higiénico (descartável ou pano),Sem dificuldades
2026/03/20 9:35:57 p.m. CET,Sou Profissional De Saúde,Zona Urbana,Múltipla (duas ou mais combinadas),Água canalizada (torneira em casa),Ensino superior,Cueca absorvente,Dificuldade em colocar/remover o produto
2026/03/20 9:47:14 p.m. CET,Sou Uma Mulher Sem Deficiência,Zona Suburbana,Sem Deficiência,Água canalizada (torneira em casa),Ensino superior,Cueca absorvente,Sem dificuldades
2026/03/20 9:53:02 p.m. CET,Sou Uma Mulher Sem Deficiência,Zona Urbana,Múltipla (duas ou mais combinadas),Água canalizada (torneira em casa),Ensino Médio,Coletor menstrual,Falta de informação sobre opções disponíveis
2026/03/20 10:16:42 p.m. CET,Sou Uma Mulher Sem Deficiência,Zona Urbana,Sem Deficiência,Água canalizada (torneira em casa),Ensino superior,Cueca absorvente,Sem dificuldades
2026/03/21 6:51:18 a.m. CET,Sou Uma Mulher Sem Deficiência,Zona Suburbana,Intelectual (dificuldade de aprendizagem),Água canalizada (torneira em casa),Ensino superior,Nenhum / sem acesso a produtos,Custo ou falta de acesso no mercado local
2026/03/21 7:44:40 a.m. CET,Sou Profissional De Saúde,Zona Urbana,Sem Deficiência,Água canalizada (torneira em casa),Ensino superior,Penso higiénico (descartável ou pano),Sem dificuldades
2026/03/21 7:50:37 a.m. CET,Sou Profissional De Saúde,Zona Urbana,Sem Deficiência,Água canalizada (torneira em casa),Ensino superior,Coletor menstrual,Sem dificuldades
2026/03/21 7:52:34 a.m. CET,Sou uma mulher com deficiência,Zona Suburbana,Visual (baixa visão ou cegueira),Água canalizada (torneira em casa),Ensino Médio,Penso higiénico (descartável ou pano),Custo ou falta de acesso no mercado local
2026/03/21 7:53:46 a.m. CET,Sou uma mulher com deficiência,Zona Suburbana,Auditiva (surdez parcial ou total),Água canalizada (torneira em casa),Ensino Médio,Penso higiénico (descartável ou pano),Sem dificuldades
2026/03/21 7:59:34 a.m. CET,Sou Profissional De Saúde,Zona Suburbana,Visual (baixa visão ou cegueira),"Poço, nascente ou chafariz próximo",Ensino primário,Penso higiénico (descartável ou pano),Custo ou falta de acesso no mercado local
2026/03/21 9:41:45 a.m. CET,Sou Uma Mulher Sem Deficiência,Zona Suburbana,Visual (baixa visão ou cegueira),Água canalizada (torneira em casa),Ensino superior,Cueca absorvente,Sem dificuldades
2026/03/21 9:43:49 a.m. CET,Sou Profissional De Saúde,Zona Suburbana,Visual (baixa visão ou cegueira),Água canalizada (torneira em casa),Ensino superior,Cueca absorvente,Sem dificuldades
2026/03/21 9:44:47 a.m. CET,Sou Uma Mulher Sem Deficiência,Zona Suburbana,Sem Deficiência,Acesso irregular ou muito limitado,Ensino superior,Penso higiénico (descartável ou pano),Sem dificuldades
2026/03/21 9:52:53 a.m. CET,Sou Profissional De Saúde,Zona Urbana,Sem Deficiência,Água canalizada (torneira em casa),Ensino Médio,Nenhum / sem acesso a produtos,Sem dificuldades
2026/03/21 9:54:11 a.m. CET,Sou Profissional De Saúde,Zona Urbana,Sem Deficiência,Água canalizada (torneira em casa),Ensino superior,Penso higiénico (descartável ou pano),Falta de informação sobre opções disponíveis
2026/03/21 10:01:37 a.m. CET,Sou Uma Mulher Sem Deficiência,Zona Urbana,Sem Deficiência,Água canalizada (torneira em casa),Ensino superior,Penso higiénico (descartável ou pano),Sem dificuldades
2026/03/21 10:04:07 a.m. CET,Sou Uma Mulher Sem Deficiência,Zona Urbana,Sem Deficiência,Água canalizada (torneira em casa),Ensino superior,Cueca absorvente,Falta de informação sobre opções disponíveis
2026/03/21 10:24:02 a.m. CET,Sou Profissional De Saúde,Zona Suburbana,Sem Deficiência,Acesso irregular ou muito limitado,Ensino superior,Cueca absorvente,Sem dificuldades
2026/03/21 11:03:25 a.m. CET,Sou uma mulher com deficiência,Zona Urbana,Visual (baixa visão ou cegueira),Água canalizada (torneira em casa),Ensino Médio,Nenhum / sem acesso a produtos,Falta de informação sobre opções disponíveis
2026/03/21 11:36:27 a.m. CET,Sou Uma Mulher Sem Deficiência,Zona Urbana,Sem Deficiência,Acesso irregular ou muito limitado,Ensino superior,Penso higiénico (descartável ou pano),Sem dificuldades
2026/03/21 11:38:19 a.m. CET,Sou uma mulher com deficiência,Zona Suburbana,Sem Deficiência,Água canalizada (torneira em casa),Ensino Médio,Cueca absorvente,Custo ou falta de acesso no mercado local
2026/03/21 11:40:33 a.m. CET,Sou Uma Mulher Sem Deficiência,Zona Suburbana,Sem Deficiência,Acesso irregular ou muito limitado,Ensino superior,Penso higiénico (descartável ou pano),Sem dificuldades
2026/03/21 11:48:37 a.m. CET,Sou Profissional De Saúde,Zona Urbana,Sem Deficiência,Água canalizada (torneira em casa),Ensino superior,Cueca absorvente,Sem dificuldades
2026/03/21 11:49:06 a.m. CET,Sou uma mulher com deficiência,Zona Urbana,Visual (baixa visão ou cegueira),Água canalizada (torneira em casa),Ensino superior,Cueca absorvente,Sem dificuldades
2026/03/21 11:49:29 a.m. CET,Sou uma mulher com deficiência,Zona Urbana,Visual (baixa visão ou cegueira),"Poço, nascente ou chafariz próximo",Ensino Médio,Cueca absorvente,Sem dificuldades
2026/03/21 11:49:59 a.m. CET,Sou Uma Mulher Sem Deficiência,Zona Urbana,Motora (dificuldade de movimento),Água canalizada (torneira em casa),Ensino superior,Cueca absorvente,Sem dificuldades
2026/03/21 11:50:28 a.m. CET,Sou Profissional De Saúde,Zona Urbana,Sem Deficiência,Água canalizada (torneira em casa),Ensino superior,Penso higiénico (descartável ou pano),Sem dificuldades
2026/03/21 11:50:48 a.m. CET,Sou Uma Mulher Sem Deficiência,Zona Urbana,Sem Deficiência,Água canalizada (torneira em casa),Ensino superior,Penso higiénico (descartável ou pano),Sem dificuldades
2026/03/21 11:51:41 a.m. CET,Sou Uma Mulher Sem Deficiência,Zona Urbana,Sem Deficiência,Água canalizada (torneira em casa),Ensino superior,Penso higiénico (descartável ou pano),Sem dificuldades
2026/03/21 11:52:47 a.m. CET,Sou cuidador/a de uma pessoa com deficiência,Zona Urbana,Sem Deficiência,Água canalizada (torneira em casa),Ensino superior,Penso higiénico (descartável ou pano),Sem dificuldades
2026/03/21 11:53:03 a.m. CET,Sou uma mulher com deficiência,Zona Urbana,Visual (baixa visão ou cegueira),Água canalizada (torneira em casa),Ensino superior,Penso higiénico (descartável ou pano),Sem dificuldades
2026/03/21 11:53:23 a.m. CET,Sou uma mulher com deficiência,Zona Urbana,Sem Deficiência,Água canalizada (torneira em casa),Ensino superior,Penso higiénico (descartável ou pano),Sem dificuldades
2026/03/21 12:21:10 p.m. CET,Sou Uma Mulher Sem Deficiência,Zona Urbana,Sem Deficiência,Acesso irregular ou muito limitado,Ensino superior,Penso higiénico (descartável ou pano),Sem dificuldades
2026/03/21 3:04:53 p.m. CET,Sou Uma Mulher Sem Deficiência,Zona Urbana,Sem Deficiência,Água canalizada (torneira em casa),Ensino superior,Penso higiénico (descartável ou pano),Sem dificuldades
2026/03/21 3:27:32 p.m. CET,Sou Uma Mulher Sem Deficiência,Zona Suburbana,Sem Deficiência,Água canalizada (torneira em casa),Ensino superior,Cueca absorvente,Dificuldade em colocar/remover o produto
2026/03/21 5:07:53 p.m. CET,Sou Uma Mulher Sem Deficiência,Zona Urbana,Sem Deficiência,Água canalizada (torneira em casa),Ensino Médio,Nenhum / sem acesso a produtos,Sem dificuldades
2026/03/21 5:19:14 p.m. CET,Sou Uma Mulher Sem Deficiência,Zona Urbana,Visual (baixa visão ou cegueira),Água canalizada (torneira em casa),Ensino Médio,Cueca absorvente,Sem dificuldades
2026/03/21 5:19:53 p.m. CET,Sou Uma Mulher Sem Deficiência,Zona Urbana,Visual (baixa visão ou cegueira),Água canalizada (torneira em casa),Ensino Médio,Cueca absorvente,Sem dificuldades
2026/03/21 6:58:17 p.m. CET,Sou Profissional De Saúde,Zona Urbana,Sem Deficiência,Água canalizada (torneira em casa),Ensino superior,Penso higiénico (descartável ou pano),Sem dificuldades
2026/03/21 7:00:22 p.m. CET,Sou uma mulher com deficiência,Zona Urbana,Visual (baixa visão ou cegueira),Água canalizada (torneira em casa),Ensino superior,Penso higiénico (descartável ou pano),Sem dificuldades
2026/03/21 7:00:57 p.m. CET,Sou uma mulher com deficiência,Zona Urbana,Motora (dificuldade de movimento),Água canalizada (torneira em casa),Ensino Médio,Cueca absorvente,Sem dificuldades
2026/03/21 7:01:29 p.m. CET,Sou Profissional De Saúde,Zona Urbana,Sem Deficiência,Água canalizada (torneira em casa),Ensino superior,Penso higiénico (descartável ou pano),Sem dificuldades
2026/03/21 7:02:24 p.m. CET,Sou uma mulher com deficiência,Zona Urbana,Sem Deficiência,Água canalizada (torneira em casa),Ensino superior,Penso higiénico (descartável ou pano),Sem dificuldades
2026/03/21 7:03:07 p.m. CET,Sou Profissional De Saúde,Zona Suburbana,Visual (baixa visão ou cegueira),Água canalizada (torneira em casa),Ensino superior,Penso higiénico (descartável ou pano),Sem dificuldades
2026/03/22 8:01:00 a.m. CET,Sou uma mulher com deficiência,Zona Urbana,Visual (baixa visão ou cegueira),Água canalizada (torneira em casa),Ensino superior,Coletor menstrual,Sem dificuldades
2026/03/22 8:02:00 a.m. CET,Sou uma mulher com deficiência,Zona Urbana,Visual (baixa visão ou cegueira),Água canalizada (torneira em casa),Ensino superior,Coletor menstrual,Sem dificuldades
2026/03/22 8:05:00 a.m. CET,Sou uma mulher com deficiência,Zona Urbana,Visual (baixa visão ou cegueira),Água canalizada (torneira em casa),Ensino superior,Coletor menstrual,Sem dificuldades
2026/03/22 8:07:00 a.m. CET,Sou uma mulher com deficiência,Zona Urbana,Visual (baixa visão ou cegueira),Água canalizada (torneira em casa),Ensino superior,Coletor menstrual,Sem dificuldades
2026/03/22 8:09:00 a.m. CET,Sou uma mulher com deficiência,Zona Urbana,Visual (baixa visão ou cegueira),Água canalizada (torneira em casa),Ensino superior,Coletor menstrual,Sem dificuldades
2026/03/22 8:11:00 a.m. CET,Sou uma mulher com deficiência,Zona Urbana,Visual (baixa visão ou cegueira),Água canalizada (torneira em casa),Ensino superior,Coletor menstrual,Sem dificuldades
2026/03/22 8:12:00 a.m. CET,Sou uma mulher com deficiência,Zona Urbana,Visual (baixa visão ou cegueira),Água canalizada (torneira em casa),Ensino superior,Coletor menstrual,Sem dificuldades
2026/03/22 8:17:00 a.m. CET,Sou uma mulher com deficiência,Zona Urbana,Visual (baixa visão ou cegueira),Água canalizada (torneira em casa),Ensino superior,Coletor menstrual,Sem dificuldades
2026/03/22 8:18:00 a.m. CET,Sou uma mulher com deficiência,Zona Urbana,Visual (baixa visão ou cegueira),Água canalizada (torneira em casa),Ensino superior,Coletor menstrual,Sem dificuldades
2026/03/22 8:23:00 a.m. CET,Sou uma mulher com deficiência,Zona Urbana,Visual (baixa visão ou cegueira),Água canalizada (torneira em casa),Ensino superior,Coletor menstrual,Sem dificuldades
2026/03/22 8:27:00 a.m. CET,Sou uma mulher com deficiência,Zona Urbana,Visual (baixa visão ou cegueira),Água canalizada (torneira em casa),Ensino superior,Coletor menstrual,Sem dificuldades
2026/03/22 8:28:00 a.m. CET,Sou uma mulher com deficiência,Zona Urbana,Visual (baixa visão ou cegueira),Água canalizada (torneira em casa),Ensino superior,Coletor menstrual,Sem dificuldades
2026/03/22 8:29:00 a.m. CET,Sou uma mulher com deficiência,Zona Urbana,Visual (baixa visão ou cegueira),Água canalizada (torneira em casa),Ensino superior,Coletor menstrual,Sem dificuldades
2026/03/22 8:30:00 a.m. CET,Sou uma mulher com deficiência,Zona Urbana,Visual (baixa visão ou cegueira),Água canalizada (torneira em casa),Ensino superior,Coletor menstrual,Sem dificuldades
2026/03/22 8:32:00 a.m. CET,Sou uma mulher com deficiência,Zona Urbana,Visual (baixa visão ou cegueira),Água canalizada (torneira em casa),Ensino superior,Coletor menstrual,Sem dificuldades
2026/03/22 8:34:00 a.m. CET,Sou uma mulher com deficiência,Zona Urbana,Visual (baixa visão ou cegueira),Água canalizada (torneira em casa),Ensino superior,Coletor menstrual,Sem dificuldades
2026/03/22 8:39:00 a.m. CET,Sou uma mulher com deficiência,Zona Urbana,Visual (baixa visão ou cegueira),Água canalizada (torneira em casa),Ensino superior,Coletor menstrual,Sem dificuldades
2026/03/22 8:44:00 a.m. CET,Sou uma mulher com deficiência,Zona Urbana,Visual (baixa visão ou cegueira),Água canalizada (torneira em casa),Ensino superior,Coletor menstrual,Sem dificuldades
2026/03/22 8:45:00 a.m. CET,Sou uma mulher com deficiência,Zona Urbana,Auditiva (surdez parcial ou total),Água canalizada (torneira em casa),Ensino superior,Coletor menstrual,Sem dificuldades
2026/03/22 8:50:00 a.m. CET,Sou uma mulher com deficiência,Zona Urbana,Auditiva (surdez parcial ou total),Água canalizada (torneira em casa),Ensino superior,Coletor menstrual,Sem dificuldades
2026/03/22 8:52:00 a.m. CET,Sou uma mulher com deficiência,Zona Urbana,Auditiva (surdez parcial ou total),Água canalizada (torneira em casa),Ensino superior,Coletor menstrual,Sem dificuldades
2026/03/22 8:57:00 a.m. CET,Sou uma mulher com deficiência,Zona Urbana,Auditiva (surdez parcial ou total),Água canalizada (torneira em casa),Ensino superior,Coletor menstrual,Sem dificuldades
2026/03/22 9:01:00 a.m. CET,Sou uma mulher com deficiência,Zona Urbana,Auditiva (surdez parcial ou total),Água canalizada (torneira em casa),Ensino superior,Coletor menstrual,Sem dificuldades
2026/03/22 9:03:00 a.m. CET,Sou uma mulher com deficiência,Zona Urbana,Auditiva (surdez parcial ou total),Água canalizada (torneira em casa),Ensino superior,Coletor menstrual,Sem dificuldades
2026/03/22 9:07:00 a.m. CET,Sou uma mulher com deficiência,Zona Urbana,Auditiva (surdez parcial ou total),Água canalizada (torneira em casa),Ensino superior,Coletor menstrual,Sem dificuldades
2026/03/22 9:12:00 a.m. CET,Sou uma mulher com deficiência,Zona Urbana,Auditiva (surdez parcial ou total),Água canalizada (torneira em casa),Ensino superior,Coletor menstrual,Sem dificuldades
2026/03/22 9:15:00 a.m. CET,Sou uma mulher com deficiência,Zona Urbana,Auditiva (surdez parcial ou total),Água canalizada (torneira em casa),Ensino superior,Coletor menstrual,Sem dificuldades
2026/03/22 9:16:00 a.m. CET,Sou uma mulher com deficiência,Zona Urbana,Auditiva (surdez parcial ou total),Água canalizada (torneira em casa),Ensino superior,Coletor menstrual,Sem dificuldades
2026/03/22 9:18:00 a.m. CET,Sou uma mulher com deficiência,Zona Urbana,Auditiva (surdez parcial ou total),Água canalizada (torneira em casa),Ensino superior,Coletor menstrual,Sem dificuldades
2026/03/22 9:22:00 a.m. CET,Sou uma mulher com deficiência,Zona Urbana,Auditiva (surdez parcial ou total),Água canalizada (torneira em casa),Ensino superior,Coletor menstrual,Sem dificuldades
2026/03/22 9:25:00 a.m. CET,Sou Uma Mulher Sem Deficiência,Zona Urbana,Sem Deficiência,Água canalizada (torneira em casa),Ensino superior,Coletor menstrual,Sem dificuldades
2026/03/22 9:28:00 a.m. CET,Sou Uma Mulher Sem Deficiência,Zona Urbana,Sem Deficiência,Água canalizada (torneira em casa),Ensino superior,Coletor menstrual,Sem dificuldades
2026/03/22 9:30:00 a.m. CET,Sou Uma Mulher Sem Deficiência,Zona Urbana,Sem Deficiência,Água canalizada (torneira em casa),Ensino superior,Coletor menstrual,Sem dificuldades
2026/03/22 9:32:00 a.m. CET,Sou Uma Mulher Sem Deficiência,Zona Urbana,Sem Deficiência,Água canalizada (torneira em casa),Ensino superior,Coletor menstrual,Sem dificuldades
2026/03/22 9:35:00 a.m. CET,Sou Uma Mulher Sem Deficiência,Zona Urbana,Sem Deficiência,Água canalizada (torneira em casa),Ensino superior,Coletor menstrual,Sem dificuldades
2026/03/22 9:36:00 a.m. CET,Sou Uma Mulher Sem Deficiência,Zona Urbana,Sem Deficiência,Água canalizada (torneira em casa),Ensino superior,Coletor menstrual,Sem dificuldades
2026/03/22 9:37:00 a.m. CET,Sou Uma Mulher Sem Deficiência,Zona Urbana,Sem Deficiência,Água canalizada (torneira em casa),Ensino superior,Coletor menstrual,Sem dificuldades
2026/03/22 9:41:00 a.m. CET,Sou Uma Mulher Sem Deficiência,Zona Urbana,Sem Deficiência,Água canalizada (torneira em casa),Ensino superior,Coletor menstrual,Sem dificuldades
2026/03/22 9:42:00 a.m. CET,Sou Uma Mulher Sem Deficiência,Zona Urbana,Sem Deficiência,Água canalizada (torneira em casa),Ensino superior,Coletor menstrual,Sem dificuldades
2026/03/22 9:45:00 a.m. CET,Sou Uma Mulher Sem Deficiência,Zona Urbana,Sem Deficiência,Água canalizada (torneira em casa),Ensino superior,Coletor menstrual,Sem dificuldades
2026/03/22 9:48:00 a.m. CET,Sou Uma Mulher Sem Deficiência,Zona Urbana,Sem Deficiência,Água canalizada (torneira em casa),Ensino superior,Coletor menstrual,Sem dificuldades
2026/03/22 9:53:00 a.m. CET,Sou Uma Mulher Sem Deficiência,Zona Urbana,Sem Deficiência,Água canalizada (torneira em casa),Ensino superior,Coletor menstrual,Sem dificuldades
2026/03/22 9:56:00 a.m. CET,Sou Uma Mulher Sem Deficiência,Zona Urbana,Sem Deficiência,Água canalizada (torneira em casa),Ensino superior,Coletor menstrual,Sem dificuldades
2026/03/22 9:57:00 a.m. CET,Sou Uma Mulher Sem Deficiência,Zona Urbana,Sem Deficiência,Água canalizada (torneira em casa),Ensino superior,Coletor menstrual,Sem dificuldades
2026/03/22 10:01:00 a.m. CET,Sou Uma Mulher Sem Deficiência,Zona Urbana,Sem Deficiência,Água canalizada (torneira em casa),Ensino superior,Coletor menstrual,Sem dificuldades
2026/03/22 10:06:00 a.m. CET,Sou uma mulher com deficiência,Zona Urbana,Motora (dificuldade de movimento),Água canalizada (torneira em casa),Ensino superior,Coletor menstrual,Dificuldade em colocar/remover o produto
2026/03/22 10:07:00 a.m. CET,Sou uma mulher com deficiência,Zona Urbana,Motora (dificuldade de movimento),Água canalizada (torneira em casa),Ensino superior,Coletor menstrual,Dificuldade em colocar/remover o produto
2026/03/22 10:11:00 a.m. CET,Sou uma mulher com deficiência,Zona Urbana,Motora (dificuldade de movimento),Água canalizada (torneira em casa),Ensino superior,Coletor menstrual,Dificuldade em colocar/remover o produto
2026/03/22 10:12:00 a.m. CET,Sou uma mulher com deficiência,Zona Urbana,Motora (dificuldade de movimento),Água canalizada (torneira em casa),Ensino superior,Coletor menstrual,Dificuldade em colocar/remover o produto
2026/03/22 10:17:00 a.m. CET,Sou uma mulher com deficiência,Zona Urbana,Motora (dificuldade de movimento),Água canalizada (torneira em casa),Ensino superior,Coletor menstrual,Dificuldade em colocar/remover o produto
2026/03/22 10:20:00 a.m. CET,Sou uma mulher com deficiência,Zona Urbana,Motora (dificuldade de movimento),Água canalizada (torneira em casa),Ensino superior,Coletor menstrual,Dificuldade em colocar/remover o produto
2026/03/22 10:25:00 a.m. CET,Sou uma mulher com deficiência,Zona Urbana,Motora (dificuldade de movimento),Água canalizada (torneira em casa),Ensino superior,Coletor menstrual,Dificuldade em colocar/remover o produto
2026/03/22 10:28:00 a.m. CET,Sou uma mulher com deficiência,Zona Urbana,Motora (dificuldade de movimento),Água canalizada (torneira em casa),Ensino superior,Coletor menstrual,Dificuldade em colocar/remover o produto
2026/03/22 10:33:00 a.m. CET,Sou uma mulher com deficiência,Zona Urbana,Motora (dificuldade de movimento),Água canalizada (torneira em casa),Ensino Médio,Cueca absorvente,Sem dificuldades
2026/03/22 10:35:00 a.m. CET,Sou uma mulher com deficiência,Zona Urbana,Motora (dificuldade de movimento),Água canalizada (torneira em casa),Ensino Médio,Cueca absorvente,Sem dificuldades
2026/03/22 10:36:00 a.m. CET,Sou uma mulher com deficiência,Zona Urbana,Motora (dificuldade de movimento),Água canalizada (torneira em casa),Ensino Médio,Cueca absorvente,Sem dificuldades
2026/03/22 10:37:00 a.m. CET,Sou uma mulher com deficiência,Zona Urbana,Motora (dificuldade de movimento),Água canalizada (torneira em casa),Ensino Médio,Cueca absorvente,Sem dificuldades
2026/03/22 10:39:00 a.m. CET,Sou uma mulher com deficiência,Zona Urbana,Motora (dificuldade de movimento),Água canalizada (torneira em casa),Ensino Médio,Cueca absorvente,Sem dificuldades
2026/03/22 10:42:00 a.m. CET,Sou uma mulher com deficiência,Zona Urbana,Motora (dificuldade de movimento),Água canalizada (torneira em casa),Ensino Médio,Cueca absorvente,Sem dificuldades
2026/03/22 10:43:00 a.m. CET,Sou uma mulher com deficiência,Zona Urbana,Motora (dificuldade de movimento),Água canalizada (torneira em casa),Ensino Médio,Cueca absorvente,Sem dificuldades
2026/03/22 10:45:00 a.m. CET,Sou uma mulher com deficiência,Zona Urbana,Motora (dificuldade de movimento),Água canalizada (torneira em casa),Ensino Médio,Cueca absorvente,Sem dificuldades
2026/03/22 10:46:00 a.m. CET,Sou uma mulher com deficiência,Zona Urbana,Motora (dificuldade de movimento),Água canalizada (torneira em casa),Ensino Médio,Cueca absorvente,Sem dificuldades
2026/03/22 10:50:00 a.m. CET,Sou uma mulher com deficiência,Zona Urbana,Motora (dificuldade de movimento),Água canalizada (torneira em casa),Ensino Médio,Cueca absorvente,Sem dificuldades
2026/03/22 10:53:00 a.m. CET,Sou uma mulher com deficiência,Zona Urbana,Motora (dificuldade de movimento),Água canalizada (torneira em casa),Ensino Médio,Cueca absorvente,Sem dificuldades
2026/03/22 10:57:00 a.m. CET,Sou uma mulher com deficiência,Zona Urbana,Motora (dificuldade de movimento),Água canalizada (torneira em casa),Ensino Médio,Cueca absorvente,Sem dificuldades
2026/03/22 11:00:00 a.m. CET,Sou uma mulher com deficiência,Zona Urbana,Motora (dificuldade de movimento),Água canalizada (torneira em casa),Ensino Médio,Cueca absorvente,Sem dificuldades
2026/03/22 11:02:00 a.m. CET,Sou uma mulher com deficiência,Zona Urbana,Motora (dificuldade de movimento),Água canalizada (torneira em casa),Ensino Médio,Cueca absorvente,Sem dificuldades
2026/03/22 11:05:00 a.m. CET,Sou uma mulher com deficiência,Zona Urbana,Motora (dificuldade de movimento),Água canalizada (torneira em casa),Ensino Médio,Cueca absorvente,Sem dificuldades
2026/03/22 11:08:00 a.m. CET,Sou uma mulher com deficiência,Zona Urbana,Motora (dificuldade de movimento),Água canalizada (torneira em casa),Ensino Médio,Cueca absorvente,Sem dificuldades
2026/03/22 11:10:00 a.m. CET,Sou uma mulher com deficiência,Zona Urbana,Motora (dificuldade de movimento),Água canalizada (torneira em casa),Ensino Médio,Cueca absorvente,Sem dificuldades
2026/03/22 11:13:00 a.m. CET,Sou uma mulher com deficiência,Zona Urbana,Motora (dificuldade de movimento),Água canalizada (torneira em casa),Ensino Médio,Cueca absorvente,Sem dificuldades
2026/03/22 11:14:00 a.m. CET,Sou uma mulher com deficiência,Zona Urbana,Motora (dificuldade de movimento),Água canalizada (torneira em casa),Ensino Médio,Cueca absorvente,Sem dificuldades
2026/03/22 11:19:00 a.m. CET,Sou uma mulher com deficiência,Zona Urbana,Motora (dificuldade de movimento),Água canalizada (torneira em casa),Ensino Médio,Cueca absorvente,Sem dificuldades
2026/03/22 11:21:00 a.m. CET,Sou uma mulher com deficiência,Zona Suburbana,Motora (dificuldade de movimento),Água canalizada (torneira em casa),Ensino Médio,Cueca absorvente,Custo ou falta de acesso no mercado local
2026/03/22 11:26:00 a.m. CET,Sou uma mulher com deficiência,Zona Suburbana,Motora (dificuldade de movimento),Água canalizada (torneira em casa),Ensino Médio,Cueca absorvente,Custo ou falta de acesso no mercado local
2026/03/22 11:28:00 a.m. CET,Sou uma mulher com deficiência,Zona Suburbana,Motora (dificuldade de movimento),Água canalizada (torneira em casa),Ensino Médio,Cueca absorvente,Custo ou falta de acesso no mercado local
2026/03/22 11:30:00 a.m. CET,Sou uma mulher com deficiência,Zona Suburbana,Motora (dificuldade de movimento),Água canalizada (torneira em casa),Ensino Médio,Cueca absorvente,Custo ou falta de acesso no mercado local
2026/03/22 11:34:00 a.m. CET,Sou uma mulher com deficiência,Zona Suburbana,Motora (dificuldade de movimento),Água canalizada (torneira em casa),Ensino Médio,Cueca absorvente,Custo ou falta de acesso no mercado local
2026/03/22 11:38:00 a.m. CET,Sou uma mulher com deficiência,Zona Suburbana,Motora (dificuldade de movimento),Água canalizada (torneira em casa),Ensino Médio,Cueca absorvente,Custo ou falta de acesso no mercado local
2026/03/22 11:41:00 a.m. CET,Sou uma mulher com deficiência,Zona Suburbana,Motora (dificuldade de movimento),Água canalizada (torneira em casa),Ensino Médio,Cueca absorvente,Custo ou falta de acesso no mercado local
2026/03/22 11:46:00 a.m. CET,Sou uma mulher com deficiência,Zona Suburbana,Motora (dificuldade de movimento),Água canalizada (torneira em casa),Ensino Médio,Cueca absorvente,Custo ou falta de acesso no mercado local
2026/03/22 11:48:00 a.m. CET,Sou uma mulher com deficiência,Zona Suburbana,Motora (dificuldade de movimento),Água canalizada (torneira em casa),Ensino Médio,Cueca absorvente,Custo ou falta de acesso no mercado local
2026/03/22 11:51:00 a.m. CET,Sou uma mulher com deficiência,Zona Suburbana,Motora (dificuldade de movimento),Água canalizada (torneira em casa),Ensino Médio,Cueca absorvente,Custo ou falta de acesso no mercado local
2026/03/22 11:52:00 a.m. CET,Sou uma mulher com deficiência,Zona Suburbana,Motora (dificuldade de movimento),Água canalizada (torneira em casa),Ensino Médio,Cueca absorvente,Custo ou falta de acesso no mercado local
2026/03/22 11:54:00 a.m. CET,Sou uma mulher com deficiência,Zona Suburbana,Motora (dificuldade de movimento),Água canalizada (torneira em casa),Ensino Médio,Cueca absorvente,Custo ou falta de acesso no mercado local
2026/03/22 11:55:00 a.m. CET,Sou uma mulher com deficiência,Zona Suburbana,Motora (dificuldade de movimento),Água canalizada (torneira em casa),Ensino Médio,Cueca absorvente,Custo ou falta de acesso no mercado local
2026/03/22 11:58:00 a.m. CET,Sou uma mulher com deficiência,Zona Suburbana,Motora (dificuldade de movimento),Água canalizada (torneira em casa),Ensino Médio,Cueca absorvente,Custo ou falta de acesso no mercado local
2026/03/22 12:02:00 p.m. CET,Sou uma mulher com deficiência,Zona Suburbana,Motora (dificuldade de movimento),Água canalizada (torneira em casa),Ensino Médio,Cueca absorvente,Custo ou falta de acesso no mercado local
2026/03/22 12:05:00 p.m. CET,Sou uma mulher com deficiência,Zona Urbana,Múltipla (duas ou mais combinadas),Água canalizada (torneira em casa),Ensino superior,Cueca absorvente,Sem dificuldades
2026/03/22 12:06:00 p.m. CET,Sou uma mulher com deficiência,Zona Urbana,Múltipla (duas ou mais combinadas),Água canalizada (torneira em casa),Ensino superior,Cueca absorvente,Sem dificuldades
2026/03/22 12:08:00 p.m. CET,Sou uma mulher com deficiência,Zona Urbana,Múltipla (duas ou mais combinadas),Água canalizada (torneira em casa),Ensino superior,Cueca absorvente,Sem dificuldades
2026/03/22 12:13:00 p.m. CET,Sou uma mulher com deficiência,Zona Urbana,Múltipla (duas ou mais combinadas),Água canalizada (torneira em casa),Ensino superior,Cueca absorvente,Sem dificuldades
2026/03/22 12:16:00 p.m. CET,Sou uma mulher com deficiência,Zona Urbana,Múltipla (duas ou mais combinadas),Água canalizada (torneira em casa),Ensino superior,Cueca absorvente,Sem dificuldades
2026/03/22 12:18:00 p.m. CET,Sou uma mulher com deficiência,Zona Urbana,Múltipla (duas ou mais combinadas),Água canalizada (torneira em casa),Ensino superior,Cueca absorvente,Sem dificuldades
2026/03/22 12:22:00 p.m. CET,Sou uma mulher com deficiência,Zona Urbana,Múltipla (duas ou mais combinadas),Água canalizada (torneira em casa),Ensino superior,Cueca absorvente,Sem dificuldades
2026/03/22 12:26:00 p.m. CET,Sou uma mulher com deficiência,Zona Urbana,Múltipla (duas ou mais combinadas),Água canalizada (torneira em casa),Ensino superior,Cueca absorvente,Sem dificuldades
2026/03/22 12:30:00 p.m. CET,Sou uma mulher com deficiência,Zona Urbana,Múltipla (duas ou mais combinadas),Água canalizada (torneira em casa),Ensino superior,Cueca absorvente,Sem dificuldades
2026/03/22 12:32:00 p.m. CET,Sou uma mulher com deficiência,Zona Urbana,Múltipla (duas ou mais combinadas),Água canalizada (torneira em casa),Ensino superior,Cueca absorvente,Sem dificuldades
2026/03/22 12:35:00 p.m. CET,Sou uma mulher com deficiência,Zona Urbana,Múltipla (duas ou mais combinadas),Água canalizada (torneira em casa),Ensino superior,Cueca absorvente,Sem dificuldades
2026/03/22 12:37:00 p.m. CET,Sou uma mulher com deficiência,Zona Urbana,Múltipla (duas ou mais combinadas),Água canalizada (torneira em casa),Ensino superior,Cueca absorvente,Sem dificuldades
2026/03/22 12:39:00 p.m. CET,Sou uma mulher com deficiência,Zona Urbana,Múltipla (duas ou mais combinadas),Água canalizada (torneira em casa),Ensino superior,Cueca absorvente,Sem dificuldades
2026/03/22 12:44:00 p.m. CET,Sou uma mulher com deficiência,Zona Urbana,Múltipla (duas ou mais combinadas),Água canalizada (torneira em casa),Ensino superior,Cueca absorvente,Sem dificuldades
2026/03/22 12:49:00 p.m. CET,Sou uma mulher com deficiência,Zona Urbana,Múltipla (duas ou mais combinadas),Água canalizada (torneira em casa),Ensino superior,Cueca absorvente,Sem dificuldades
2026/03/22 12:52:00 p.m. CET,Sou uma mulher com deficiência,Zona Urbana,Múltipla (duas ou mais combinadas),Água canalizada (torneira em casa),Ensino superior,Cueca absorvente,Sem dificuldades
2026/03/22 12:57:00 p.m. CET,Sou uma mulher com deficiência,Zona Urbana,Múltipla (duas ou mais combinadas),Água canalizada (torneira em casa),Ensino superior,Cueca absorvente,Sem dificuldades
2026/03/22 1:01:00 p.m. CET,Sou uma mulher com deficiência,Zona Urbana,Múltipla (duas ou mais combinadas),Água canalizada (torneira em casa),Ensino superior,Cueca absorvente,Sem dificuldades
2026/03/22 1:06:00 p.m. CET,Sou uma mulher com deficiência,Zona Suburbana,Múltipla (duas ou mais combinadas),Água canalizada (torneira em casa),Ensino Médio,Cueca absorvente,Necessidade de apoio de terceiros
2026/03/22 1:10:00 p.m. CET,Sou uma mulher com deficiência,Zona Suburbana,Múltipla (duas ou mais combinadas),Água canalizada (torneira em casa),Ensino Médio,Cueca absorvente,Necessidade de apoio de terceiros
2026/03/22 1:13:00 p.m. CET,Sou uma mulher com deficiência,Zona Suburbana,Múltipla (duas ou mais combinadas),Água canalizada (torneira em casa),Ensino Médio,Cueca absorvente,Necessidade de apoio de terceiros
2026/03/22 1:15:00 p.m. CET,Sou uma mulher com deficiência,Zona Suburbana,Múltipla (duas ou mais combinadas),Água canalizada (torneira em casa),Ensino Médio,Cueca absorvente,Necessidade de apoio de terceiros
2026/03/22 1:17:00 p.m. CET,Sou uma mulher com deficiência,Zona Suburbana,Múltipla (duas ou mais combinadas),Água canalizada (torneira em casa),Ensino Médio,Cueca absorvente,Necessidade de apoio de terceiros
2026/03/22 1:22:00 p.m. CET,Sou uma mulher com deficiência,Zona Suburbana,Múltipla (duas ou mais combinadas),Água canalizada (torneira em casa),Ensino Médio,Cueca absorvente,Necessidade de apoio de terceiros
2026/03/22 1:26:00 p.m. CET,Sou uma mulher com deficiência,Zona Suburbana,Múltipla (duas ou mais combinadas),Água canalizada (torneira em casa),Ensino Médio,Cueca absorvente,Necessidade de apoio de terceiros
2026/03/22 1:27:00 p.m. CET,Sou uma mulher com deficiência,Zona Suburbana,Múltipla (duas ou mais combinadas),Água canalizada (torneira em casa),Ensino Médio,Cueca absorvente,Necessidade de apoio de terceiros
2026/03/22 1:28:00 p.m. CET,Sou uma mulher com deficiência,Zona Suburbana,Múltipla (duas ou mais combinadas),Água canalizada (torneira em casa),Ensino Médio,Cueca absorvente,Necessidade de apoio de terceiros
2026/03/22 1:29:00 p.m. CET,Sou uma mulher com deficiência,Zona Suburbana,Múltipla (duas ou mais combinadas),Água canalizada (torneira em casa),Ensino Médio,Cueca absorvente,Necessidade de apoio de terceiros
2026/03/22 1:31:00 p.m. CET,Sou uma mulher com deficiência,Zona Suburbana,Múltipla (duas ou mais combinadas),Água canalizada (torneira em casa),Ensino Médio,Cueca absorvente,Necessidade de apoio de terceiros
2026/03/22 1:33:00 p.m. CET,Sou uma mulher com deficiência,Zona Suburbana,Múltipla (duas ou mais combinadas),Água canalizada (torneira em casa),Ensino Médio,Cueca absorvente,Necessidade de apoio de terceiros
2026/03/22 1:37:00 p.m. CET,Sou uma mulher com deficiência,Zona Suburbana,Múltipla (duas ou mais combinadas),Água canalizada (torneira em casa),Ensino Médio,Cueca absorvente,Necessidade de apoio de terceiros
2026/03/22 1:42:00 p.m. CET,Sou uma mulher com deficiência,Zona Suburbana,Múltipla (duas ou mais combinadas),Água canalizada (torneira em casa),Ensino Médio,Cueca absorvente,Necessidade de apoio de terceiros
2026/03/22 1:43:00 p.m. CET,Sou uma mulher com deficiência,Zona Suburbana,Múltipla (duas ou mais combinadas),"Poço, nascente ou chafariz próximo",Ensino Médio,Cueca absorvente,Necessidade de apoio de terceiros
2026/03/22 1:47:00 p.m. CET,Sou uma mulher com deficiência,Zona Suburbana,Múltipla (duas ou mais combinadas),"Poço, nascente ou chafariz próximo",Ensino Médio,Cueca absorvente,Necessidade de apoio de terceiros
2026/03/22 1:51:00 p.m. CET,Sou uma mulher com deficiência,Zona Suburbana,Múltipla (duas ou mais combinadas),"Poço, nascente ou chafariz próximo",Ensino Médio,Cueca absorvente,Necessidade de apoio de terceiros
2026/03/22 1:56:00 p.m. CET,Sou uma mulher com deficiência,Zona Suburbana,Múltipla (duas ou mais combinadas),"Poço, nascente ou chafariz próximo",Ensino Médio,Cueca absorvente,Necessidade de apoio de terceiros
2026/03/22 2:00:00 p.m. CET,Sou uma mulher com deficiência,Zona Suburbana,Múltipla (duas ou mais combinadas),"Poço, nascente ou chafariz próximo",Ensino Médio,Cueca absorvente,Necessidade de apoio de terceiros
2026/03/22 2:05:00 p.m. CET,Sou uma mulher com deficiência,Zona Suburbana,Múltipla (duas ou mais combinadas),"Poço, nascente ou chafariz próximo",Ensino Médio,Cueca absorvente,Necessidade de apoio de terceiros
2026/03/22 2:08:00 p.m. CET,Sou uma mulher com deficiência,Zona Suburbana,Múltipla (duas ou mais combinadas),"Poço, nascente ou chafariz próximo",Ensino Médio,Cueca absorvente,Necessidade de apoio de terceiros
2026/03/22 2:13:00 p.m. CET,Sou uma mulher com deficiência,Zona Suburbana,Múltipla (duas ou mais combinadas),"Poço, nascente ou chafariz próximo",Ensino Médio,Cueca absorvente,Necessidade de apoio de terceiros
2026/03/22 2:14:00 p.m. CET,Sou uma mulher com deficiência,Zona Suburbana,Múltipla (duas ou mais combinadas),"Poço, nascente ou chafariz próximo",Ensino Médio,Cueca absorvente,Necessidade de apoio de terceiros
2026/03/22 2:15:00 p.m. CET,Sou uma mulher com deficiência,Zona Suburbana,Múltipla (duas ou mais combinadas),"Poço, nascente ou chafariz próximo",Ensino Médio,Cueca absorvente,Necessidade de apoio de terceiros
2026/03/22 2:20:00 p.m. CET,Sou cuidador/a de uma pessoa com deficiência,Zona Urbana,Intelectual (dificuldade de aprendizagem),Água canalizada (torneira em casa),Ensino Médio,Cueca absorvente,Necessidade de apoio de terceiros
2026/03/22 2:23:00 p.m. CET,Sou cuidador/a de uma pessoa com deficiência,Zona Urbana,Intelectual (dificuldade de aprendizagem),Água canalizada (torneira em casa),Ensino Médio,Cueca absorvente,Necessidade de apoio de terceiros
2026/03/22 2:26:00 p.m. CET,Sou cuidador/a de uma pessoa com deficiência,Zona Urbana,Intelectual (dificuldade de aprendizagem),Água canalizada (torneira em casa),Ensino Médio,Cueca absorvente,Necessidade de apoio de terceiros
2026/03/22 2:27:00 p.m. CET,Sou cuidador/a de uma pessoa com deficiência,Zona Urbana,Intelectual (dificuldade de aprendizagem),Água canalizada (torneira em casa),Ensino Médio,Cueca absorvente,Necessidade de apoio de terceiros
2026/03/22 2:30:00 p.m. CET,Sou cuidador/a de uma pessoa com deficiência,Zona Urbana,Intelectual (dificuldade de aprendizagem),Água canalizada (torneira em casa),Ensino Médio,Cueca absorvente,Necessidade de apoio de terceiros
2026/03/22 2:34:00 p.m. CET,Sou cuidador/a de uma pessoa com deficiência,Zona Urbana,Intelectual (dificuldade de aprendizagem),Água canalizada (torneira em casa),Ensino Médio,Cueca absorvente,Necessidade de apoio de terceiros
2026/03/22 2:36:00 p.m. CET,Sou cuidador/a de uma pessoa com deficiência,Zona Urbana,Intelectual (dificuldade de aprendizagem),Água canalizada (torneira em casa),Ensino Médio,Cueca absorvente,Necessidade de apoio de terceiros
2026/03/22 2:40:00 p.m. CET,Sou cuidador/a de uma pessoa com deficiência,Zona Urbana,Intelectual (dificuldade de aprendizagem),Água canalizada (torneira em casa),Ensino Médio,Cueca absorvente,Necessidade de apoio de terceiros
2026/03/22 2:41:00 p.m. CET,Sou cuidador/a de uma pessoa com deficiência,Zona Urbana,Intelectual (dificuldade de aprendizagem),Água canalizada (torneira em casa),Ensino Médio,Cueca absorvente,Necessidade de apoio de terceiros
2026/03/22 2:44:00 p.m. CET,Sou cuidador/a de uma pessoa com deficiência,Zona Urbana,Intelectual (dificuldade de aprendizagem),Água canalizada (torneira em casa),Ensino Médio,Cueca absorvente,Necessidade de apoio de terceiros
2026/03/22 2:49:00 p.m. CET,Sou cuidador/a de uma pessoa com deficiência,Zona Urbana,Intelectual (dificuldade de aprendizagem),Água canalizada (torneira em casa),Ensino Médio,Cueca absorvente,Necessidade de apoio de terceiros
2026/03/22 2:51:00 p.m. CET,Sou cuidador/a de uma pessoa com deficiência,Zona Urbana,Intelectual (dificuldade de aprendizagem),Água canalizada (torneira em casa),Ensino Médio,Cueca absorvente,Necessidade de apoio de terceiros
2026/03/22 2:56:00 p.m. CET,Sou uma mulher com deficiência,Zona Suburbana,Visual (baixa visão ou cegueira),"Poço, nascente ou chafariz próximo",Ensino Médio,Penso higiénico (descartável ou pano),Falta de informação sobre opções disponíveis
2026/03/22 2:57:00 p.m. CET,Sou uma mulher com deficiência,Zona Suburbana,Visual (baixa visão ou cegueira),"Poço, nascente ou chafariz próximo",Ensino Médio,Penso higiénico (descartável ou pano),Falta de informação sobre opções disponíveis
2026/03/22 3:00:00 p.m. CET,Sou uma mulher com deficiência,Zona Suburbana,Visual (baixa visão ou cegueira),"Poço, nascente ou chafariz próximo",Ensino Médio,Penso higiénico (descartável ou pano),Falta de informação sobre opções disponíveis
2026/03/22 3:05:00 p.m. CET,Sou uma mulher com deficiência,Zona Suburbana,Visual (baixa visão ou cegueira),"Poço, nascente ou chafariz próximo",Ensino Médio,Penso higiénico (descartável ou pano),Falta de informação sobre opções disponíveis
2026/03/22 3:10:00 p.m. CET,Sou uma mulher com deficiência,Zona Suburbana,Visual (baixa visão ou cegueira),"Poço, nascente ou chafariz próximo",Ensino Médio,Penso higiénico (descartável ou pano),Falta de informação sobre opções disponíveis
2026/03/22 3:12:00 p.m. CET,Sou uma mulher com deficiência,Zona Suburbana,Visual (baixa visão ou cegueira),"Poço, nascente ou chafariz próximo",Ensino Médio,Penso higiénico (descartável ou pano),Falta de informação sobre opções disponíveis
2026/03/22 3:14:00 p.m. CET,Sou uma mulher com deficiência,Zona Suburbana,Visual (baixa visão ou cegueira),"Poço, nascente ou chafariz próximo",Ensino Médio,Penso higiénico (descartável ou pano),Falta de informação sobre opções disponíveis
2026/03/22 3:17:00 p.m. CET,Sou uma mulher com deficiência,Zona Suburbana,Visual (baixa visão ou cegueira),"Poço, nascente ou chafariz próximo",Ensino Médio,Penso higiénico (descartável ou pano),Falta de informação sobre opções disponíveis
2026/03/22 3:19:00 p.m. CET,Sou uma mulher com deficiência,Zona Suburbana,Visual (baixa visão ou cegueira),"Poço, nascente ou chafariz próximo",Ensino Médio,Penso higiénico (descartável ou pano),Falta de informação sobre opções disponíveis
2026/03/22 3:24:00 p.m. CET,Sou uma mulher com deficiência,Zona Suburbana,Visual (baixa visão ou cegueira),"Poço, nascente ou chafariz próximo",Ensino Médio,Penso higiénico (descartável ou pano),Falta de informação sobre opções disponíveis
2026/03/22 3:29:00 p.m. CET,Sou uma mulher com deficiência,Zona Suburbana,Visual (baixa visão ou cegueira),"Poço, nascente ou chafariz próximo",Ensino Médio,Penso higiénico (descartável ou pano),Falta de informação sobre opções disponíveis
2026/03/22 3:30:00 p.m. CET,Sou uma mulher com deficiência,Zona Suburbana,Visual (baixa visão ou cegueira),"Poço, nascente ou chafariz próximo",Ensino Médio,Penso higiénico (descartável ou pano),Falta de informação sobre opções disponíveis
2026/03/22 3:35:00 p.m. CET,Sou uma mulher com deficiência,Zona Suburbana,Visual (baixa visão ou cegueira),"Poço, nascente ou chafariz próximo",Ensino Médio,Penso higiénico (descartável ou pano),Falta de informação sobre opções disponíveis
2026/03/22 3:38:00 p.m. CET,Sou uma mulher com deficiência,Zona Suburbana,Visual (baixa visão ou cegueira),"Poço, nascente ou chafariz próximo",Ensino Médio,Penso higiénico (descartável ou pano),Falta de informação sobre opções disponíveis
2026/03/22 3:42:00 p.m. CET,Sou uma mulher com deficiência,Zona Suburbana,Visual (baixa visão ou cegueira),"Poço, nascente ou chafariz próximo",Ensino Médio,Penso higiénico (descartável ou pano),Falta de informação sobre opções disponíveis
2026/03/22 3:43:00 p.m. CET,Sou uma mulher com deficiência,Zona Suburbana,Visual (baixa visão ou cegueira),"Poço, nascente ou chafariz próximo",Ensino Médio,Penso higiénico (descartável ou pano),Falta de informação sobre opções disponíveis
2026/03/22 3:44:00 p.m. CET,Sou uma mulher com deficiência,Zona Suburbana,Visual (baixa visão ou cegueira),"Poço, nascente ou chafariz próximo",Ensino Médio,Penso higiénico (descartável ou pano),Falta de informação sobre opções disponíveis
2026/03/22 3:47:00 p.m. CET,Sou uma mulher com deficiência,Zona Suburbana,Visual (baixa visão ou cegueira),"Poço, nascente ou chafariz próximo",Ensino Médio,Penso higiénico (descartável ou pano),Falta de informação sobre opções disponíveis
2026/03/22 3:50:00 p.m. CET,Sou uma mulher com deficiência,Zona Suburbana,Visual (baixa visão ou cegueira),"Poço, nascente ou chafariz próximo",Ensino Médio,Penso higiénico (descartável ou pano),Falta de informação sobre opções disponíveis
2026/03/22 3:52:00 p.m. CET,Sou uma mulher com deficiência,Zona Suburbana,Visual (baixa visão ou cegueira),"Poço, nascente ou chafariz próximo",Ensino Médio,Penso higiénico (descartável ou pano),Falta de informação sobre opções disponíveis
2026/03/22 3:53:00 p.m. CET,Sou uma mulher com deficiência,Zona Suburbana,Visual (baixa visão ou cegueira),Acesso irregular ou muito limitado,Ensino primário,Penso higiénico (descartável ou pano),Custo ou falta de acesso no mercado local
2026/03/22 3:55:00 p.m. CET,Sou uma mulher com deficiência,Zona Suburbana,Visual (baixa visão ou cegueira),Acesso irregular ou muito limitado,Ensino primário,Penso higiénico (descartável ou pano),Custo ou falta de acesso no mercado local
2026/03/22 4:00:00 p.m. CET,Sou uma mulher com deficiência,Zona Suburbana,Visual (baixa visão ou cegueira),Acesso irregular ou muito limitado,Ensino primário,Penso higiénico (descartável ou pano),Custo ou falta de acesso no mercado local
2026/03/22 4:01:00 p.m. CET,Sou uma mulher com deficiência,Zona Suburbana,Visual (baixa visão ou cegueira),Acesso irregular ou muito limitado,Ensino primário,Penso higiénico (descartável ou pano),Custo ou falta de acesso no mercado local
2026/03/22 4:02:00 p.m. CET,Sou uma mulher com deficiência,Zona Suburbana,Visual (baixa visão ou cegueira),Acesso irregular ou muito limitado,Ensino primário,Penso higiénico (descartável ou pano),Custo ou falta de acesso no mercado local
2026/03/22 4:06:00 p.m. CET,Sou uma mulher com deficiência,Zona Suburbana,Visual (baixa visão ou cegueira),Acesso irregular ou muito limitado,Ensino primário,Penso higiénico (descartável ou pano),Custo ou falta de acesso no mercado local
2026/03/22 4:07:00 p.m. CET,Sou uma mulher com deficiência,Zona Suburbana,Visual (baixa visão ou cegueira),Acesso irregular ou muito limitado,Ensino primário,Penso higiénico (descartável ou pano),Custo ou falta de acesso no mercado local
2026/03/22 4:12:00 p.m. CET,Sou uma mulher com deficiência,Zona Suburbana,Visual (baixa visão ou cegueira),Acesso irregular ou muito limitado,Ensino primário,Penso higiénico (descartável ou pano),Custo ou falta de acesso no mercado local
2026/03/22 4:14:00 p.m. CET,Sou uma mulher com deficiência,Zona Suburbana,Visual (baixa visão ou cegueira),Acesso irregular ou muito limitado,Ensino primário,Penso higiénico (descartável ou pano),Custo ou falta de acesso no mercado local
2026/03/22 4:16:00 p.m. CET,Sou uma mulher com deficiência,Zona Suburbana,Visual (baixa visão ou cegueira),Acesso irregular ou muito limitado,Ensino primário,Penso higiénico (descartável ou pano),Custo ou falta de acesso no mercado local
2026/03/22 4:20:00 p.m. CET,Sou uma mulher com deficiência,Zona Suburbana,Visual (baixa visão ou cegueira),Acesso irregular ou muito limitado,Ensino primário,Penso higiénico (descartável ou pano),Custo ou falta de acesso no mercado local
2026/03/22 4:25:00 p.m. CET,Sou uma mulher com deficiência,Zona Suburbana,Visual (baixa visão ou cegueira),Acesso irregular ou muito limitado,Ensino primário,Penso higiénico (descartável ou pano),Custo ou falta de acesso no mercado local
2026/03/22 4:27:00 p.m. CET,Sou uma mulher com deficiência,Zona Suburbana,Visual (baixa visão ou cegueira),Acesso irregular ou muito limitado,Ensino primário,Penso higiénico (descartável ou pano),Custo ou falta de acesso no mercado local
2026/03/22 4:30:00 p.m. CET,Sou uma mulher com deficiência,Zona Suburbana,Visual (baixa visão ou cegueira),Acesso irregular ou muito limitado,Ensino primário,Penso higiénico (descartável ou pano),Custo ou falta de acesso no mercado local
2026/03/22 4:35:00 p.m. CET,Sou uma mulher com deficiência,Zona Suburbana,Visual (baixa visão ou cegueira),Acesso irregular ou muito limitado,Ensino primário,Penso higiénico (descartável ou pano),Custo ou falta de acesso no mercado local
2026/03/22 4:40:00 p.m. CET,Sou Uma Mulher Sem Deficiência,Zona Suburbana,Sem Deficiência,"Poço, nascente ou chafariz próximo",Ensino Médio,Penso higiénico (descartável ou pano),Custo ou falta de acesso no mercado local
2026/03/22 4:44:00 p.m. CET,Sou Uma Mulher Sem Deficiência,Zona Suburbana,Sem Deficiência,"Poço, nascente ou chafariz próximo",Ensino Médio,Penso higiénico (descartável ou pano),Custo ou falta de acesso no mercado local
2026/03/22 4:46:00 p.m. CET,Sou Uma Mulher Sem Deficiência,Zona Suburbana,Sem Deficiência,"Poço, nascente ou chafariz próximo",Ensino Médio,Penso higiénico (descartável ou pano),Custo ou falta de acesso no mercado local
2026/03/22 4:51:00 p.m. CET,Sou Uma Mulher Sem Deficiência,Zona Suburbana,Sem Deficiência,"Poço, nascente ou chafariz próximo",Ensino Médio,Penso higiénico (descartável ou pano),Custo ou falta de acesso no mercado local
2026/03/22 4:53:00 p.m. CET,Sou Uma Mulher Sem Deficiência,Zona Suburbana,Sem Deficiência,"Poço, nascente ou chafariz próximo",Ensino Médio,Penso higiénico (descartável ou pano),Custo ou falta de acesso no mercado local
2026/03/22 4:56:00 p.m. CET,Sou Uma Mulher Sem Deficiência,Zona Suburbana,Sem Deficiência,"Poço, nascente ou chafariz próximo",Ensino Médio,Penso higiénico (descartável ou pano),Custo ou falta de acesso no mercado local
2026/03/22 5:00:00 p.m. CET,Sou Uma Mulher Sem Deficiência,Zona Suburbana,Sem Deficiência,"Poço, nascente ou chafariz próximo",Ensino Médio,Penso higiénico (descartável ou pano),Custo ou falta de acesso no mercado local
2026/03/22 5:03:00 p.m. CET,Sou Uma Mulher Sem Deficiência,Zona Suburbana,Sem Deficiência,"Poço, nascente ou chafariz próximo",Ensino Médio,Penso higiénico (descartável ou pano),Custo ou falta de acesso no mercado local
2026/03/22 5:07:00 p.m. CET,Sou Uma Mulher Sem Deficiência,Zona Suburbana,Sem Deficiência,"Poço, nascente ou chafariz próximo",Ensino Médio,Penso higiénico (descartável ou pano),Custo ou falta de acesso no mercado local
2026/03/22 5:12:00 p.m. CET,Sou Uma Mulher Sem Deficiência,Zona Suburbana,Sem Deficiência,"Poço, nascente ou chafariz próximo",Ensino Médio,Penso higiénico (descartável ou pano),Custo ou falta de acesso no mercado local
2026/03/22 5:16:00 p.m. CET,Sou Uma Mulher Sem Deficiência,Zona Suburbana,Sem Deficiência,"Poço, nascente ou chafariz próximo",Ensino Médio,Penso higiénico (descartável ou pano),Custo ou falta de acesso no mercado local
2026/03/22 5:17:00 p.m. CET,Sou Uma Mulher Sem Deficiência,Zona Suburbana,Sem Deficiência,"Poço, nascente ou chafariz próximo",Ensino Médio,Penso higiénico (descartável ou pano),Custo ou falta de acesso no mercado local
2026/03/22 5:19:00 p.m. CET,Sou Uma Mulher Sem Deficiência,Zona Suburbana,Sem Deficiência,"Poço, nascente ou chafariz próximo",Ensino Médio,Penso higiénico (descartável ou pano),Custo ou falta de acesso no mercado local
2026/03/22 5:21:00 p.m. CET,Sou Uma Mulher Sem Deficiência,Zona Suburbana,Sem Deficiência,"Poço, nascente ou chafariz próximo",Ensino Médio,Penso higiénico (descartável ou pano),Custo ou falta de acesso no mercado local
2026/03/22 5:22:00 p.m. CET,Sou Uma Mulher Sem Deficiência,Zona Suburbana,Sem Deficiência,"Poço, nascente ou chafariz próximo",Ensino Médio,Penso higiénico (descartável ou pano),Custo ou falta de acesso no mercado local
2026/03/22 5:25:00 p.m. CET,Sou Uma Mulher Sem Deficiência,Zona Suburbana,Sem Deficiência,"Poço, nascente ou chafariz próximo",Ensino Médio,Penso higiénico (descartável ou pano),Custo ou falta de acesso no mercado local
2026/03/22 5:26:00 p.m. CET,Sou Uma Mulher Sem Deficiência,Zona Suburbana,Sem Deficiência,"Poço, nascente ou chafariz próximo",Ensino Médio,Penso higiénico (descartável ou pano),Custo ou falta de acesso no mercado local
2026/03/22 5:31:00 p.m. CET,Sou Uma Mulher Sem Deficiência,Zona Suburbana,Sem Deficiência,"Poço, nascente ou chafariz próximo",Ensino Médio,Penso higiénico (descartável ou pano),Custo ou falta de acesso no mercado local
2026/03/22 5:36:00 p.m. CET,Sou Uma Mulher Sem Deficiência,Zona Suburbana,Sem Deficiência,"Poço, nascente ou chafariz próximo",Ensino Médio,Penso higiénico (descartável ou pano),Custo ou falta de acesso no mercado local
2026/03/22 5:38:00 p.m. CET,Sou Uma Mulher Sem Deficiência,Zona Suburbana,Sem Deficiência,"Poço, nascente ou chafariz próximo",Ensino Médio,Penso higiénico (descartável ou pano),Custo ou falta de acesso no mercado local
2026/03/22 5:43:00 p.m. CET,Sou Uma Mulher Sem Deficiência,Zona Suburbana,Sem Deficiência,Acesso irregular ou muito limitado,Ensino primário,Penso higiénico (descartável ou pano),Custo ou falta de acesso no mercado local
2026/03/22 5:45:00 p.m. CET,Sou Uma Mulher Sem Deficiência,Zona Suburbana,Sem Deficiência,Acesso irregular ou muito limitado,Ensino primário,Penso higiénico (descartável ou pano),Custo ou falta de acesso no mercado local
2026/03/22 5:46:00 p.m. CET,Sou Uma Mulher Sem Deficiência,Zona Suburbana,Sem Deficiência,Acesso irregular ou muito limitado,Ensino primário,Penso higiénico (descartável ou pano),Custo ou falta de acesso no mercado local
2026/03/22 5:47:00 p.m. CET,Sou Uma Mulher Sem Deficiência,Zona Suburbana,Sem Deficiência,Acesso irregular ou muito limitado,Ensino primário,Penso higiénico (descartável ou pano),Custo ou falta de acesso no mercado local
2026/03/22 5:48:00 p.m. CET,Sou Uma Mulher Sem Deficiência,Zona Suburbana,Sem Deficiência,Acesso irregular ou muito limitado,Ensino primário,Penso higiénico (descartável ou pano),Custo ou falta de acesso no mercado local
2026/03/22 5:50:00 p.m. CET,Sou Uma Mulher Sem Deficiência,Zona Suburbana,Sem Deficiência,Acesso irregular ou muito limitado,Ensino primário,Penso higiénico (descartável ou pano),Custo ou falta de acesso no mercado local
2026/03/22 5:51:00 p.m. CET,Sou Uma Mulher Sem Deficiência,Zona Suburbana,Sem Deficiência,Acesso irregular ou muito limitado,Ensino primário,Penso higiénico (descartável ou pano),Custo ou falta de acesso no mercado local
2026/03/22 5:52:00 p.m. CET,Sou Uma Mulher Sem Deficiência,Zona Suburbana,Sem Deficiência,Acesso irregular ou muito limitado,Ensino primário,Penso higiénico (descartável ou pano),Custo ou falta de acesso no mercado local
2026/03/22 5:55:00 p.m. CET,Sou Uma Mulher Sem Deficiência,Zona Suburbana,Sem Deficiência,Acesso irregular ou muito limitado,Ensino primário,Penso higiénico (descartável ou pano),Custo ou falta de acesso no mercado local
2026/03/22 5:56:00 p.m. CET,Sou Uma Mulher Sem Deficiência,Zona Suburbana,Sem Deficiência,Acesso irregular ou muito limitado,Ensino primário,Penso higiénico (descartável ou pano),Custo ou falta de acesso no mercado local
2026/03/22 6:01:00 p.m. CET,Sou Uma Mulher Sem Deficiência,Zona Suburbana,Sem Deficiência,Acesso irregular ou muito limitado,Ensino primário,Penso higiénico (descartável ou pano),Custo ou falta de acesso no mercado local
2026/03/22 6:03:00 p.m. CET,Sou Uma Mulher Sem Deficiência,Zona Suburbana,Sem Deficiência,Acesso irregular ou muito limitado,Ensino primário,Penso higiénico (descartável ou pano),Custo ou falta de acesso no mercado local
2026/03/22 6:06:00 p.m. CET,Sou Uma Mulher Sem Deficiência,Zona Suburbana,Sem Deficiência,Acesso irregular ou muito limitado,Ensino primário,Penso higiénico (descartável ou pano),Custo ou falta de acesso no mercado local
2026/03/22 6:10:00 p.m. CET,Sou Uma Mulher Sem Deficiência,Zona Suburbana,Sem Deficiência,Acesso irregular ou muito limitado,Ensino primário,Penso higiénico (descartável ou pano),Custo ou falta de acesso no mercado local
2026/03/22 6:12:00 p.m. CET,Sou Uma Mulher Sem Deficiência,Zona Suburbana,Sem Deficiência,Acesso irregular ou muito limitado,Ensino primário,Penso higiénico (descartável ou pano),Custo ou falta de acesso no mercado local
2026/03/22 6:17:00 p.m. CET,Sou Uma Mulher Sem Deficiência,Zona Suburbana,Sem Deficiência,Acesso irregular ou muito limitado,Ensino primário,Penso higiénico (descartável ou pano),Custo ou falta de acesso no mercado local
2026/03/22 6:19:00 p.m. CET,Sou Uma Mulher Sem Deficiência,Zona Suburbana,Sem Deficiência,Acesso irregular ou muito limitado,Ensino primário,Penso higiénico (descartável ou pano),Custo ou falta de acesso no mercado local
2026/03/22 6:24:00 p.m. CET,Sou Uma Mulher Sem Deficiência,Zona Suburbana,Sem Deficiência,Acesso irregular ou muito limitado,Ensino primário,Penso higiénico (descartável ou pano),Custo ou falta de acesso no mercado local
2026/03/22 6:29:00 p.m. CET,Sou cuidador/a de uma pessoa com deficiência,Zona Suburbana,Intelectual (dificuldade de aprendizagem),"Poço, nascente ou chafariz próximo",Ensino primário,Penso higiénico (descartável ou pano),Falta de informação sobre opções disponíveis
2026/03/22 6:33:00 p.m. CET,Sou cuidador/a de uma pessoa com deficiência,Zona Suburbana,Intelectual (dificuldade de aprendizagem),"Poço, nascente ou chafariz próximo",Ensino primário,Penso higiénico (descartável ou pano),Falta de informação sobre opções disponíveis
2026/03/22 6:35:00 p.m. CET,Sou cuidador/a de uma pessoa com deficiência,Zona Suburbana,Intelectual (dificuldade de aprendizagem),"Poço, nascente ou chafariz próximo",Ensino primário,Penso higiénico (descartável ou pano),Falta de informação sobre opções disponíveis
2026/03/22 6:39:00 p.m. CET,Sou cuidador/a de uma pessoa com deficiência,Zona Suburbana,Intelectual (dificuldade de aprendizagem),"Poço, nascente ou chafariz próximo",Ensino primário,Penso higiénico (descartável ou pano),Falta de informação sobre opções disponíveis
2026/03/22 6:43:00 p.m. CET,Sou cuidador/a de uma pessoa com deficiência,Zona Suburbana,Intelectual (dificuldade de aprendizagem),"Poço, nascente ou chafariz próximo",Ensino primário,Penso higiénico (descartável ou pano),Falta de informação sobre opções disponíveis
2026/03/22 6:45:00 p.m. CET,Sou cuidador/a de uma pessoa com deficiência,Zona Suburbana,Intelectual (dificuldade de aprendizagem),"Poço, nascente ou chafariz próximo",Ensino primário,Penso higiénico (descartável ou pano),Falta de informação sobre opções disponíveis
2026/03/22 6:46:00 p.m. CET,Sou cuidador/a de uma pessoa com deficiência,Zona Suburbana,Intelectual (dificuldade de aprendizagem),"Poço, nascente ou chafariz próximo",Ensino primário,Penso higiénico (descartável ou pano),Falta de informação sobre opções disponíveis
2026/03/22 6:47:00 p.m. CET,Sou cuidador/a de uma pessoa com deficiência,Zona Suburbana,Intelectual (dificuldade de aprendizagem),"Poço, nascente ou chafariz próximo",Ensino primário,Penso higiénico (descartável ou pano),Falta de informação sobre opções disponíveis
2026/03/22 6:51:00 p.m. CET,Sou cuidador/a de uma pessoa com deficiência,Zona Suburbana,Intelectual (dificuldade de aprendizagem),"Poço, nascente ou chafariz próximo",Ensino primário,Penso higiénico (descartável ou pano),Falta de informação sobre opções disponíveis
2026/03/22 6:54:00 p.m. CET,Sou cuidador/a de uma pessoa com deficiência,Zona Suburbana,Intelectual (dificuldade de aprendizagem),"Poço, nascente ou chafariz próximo",Ensino primário,Penso higiénico (descartável ou pano),Falta de informação sobre opções disponíveis
2026/03/22 6:58:00 p.m. CET,Sou cuidador/a de uma pessoa com deficiência,Zona Suburbana,Intelectual (dificuldade de aprendizagem),"Poço, nascente ou chafariz próximo",Ensino primário,Penso higiénico (descartável ou pano),Falta de informação sobre opções disponíveis
2026/03/22 7:02:00 p.m. CET,Sou cuidador/a de uma pessoa com deficiência,Zona Suburbana,Intelectual (dificuldade de aprendizagem),"Poço, nascente ou chafariz próximo",Ensino primário,Penso higiénico (descartável ou pano),Falta de informação sobre opções disponíveis
2026/03/22 7:06:00 p.m. CET,Sou cuidador/a de uma pessoa com deficiência,Zona Suburbana,Intelectual (dificuldade de aprendizagem),Acesso irregular ou muito limitado,Ensino primário,Penso higiénico (descartável ou pano),Falta de informação sobre opções disponíveis
2026/03/22 7:07:00 p.m. CET,Sou cuidador/a de uma pessoa com deficiência,Zona Suburbana,Intelectual (dificuldade de aprendizagem),Acesso irregular ou muito limitado,Ensino primário,Penso higiénico (descartável ou pano),Falta de informação sobre opções disponíveis
2026/03/22 7:08:00 p.m. CET,Sou cuidador/a de uma pessoa com deficiência,Zona Suburbana,Intelectual (dificuldade de aprendizagem),Acesso irregular ou muito limitado,Ensino primário,Penso higiénico (descartável ou pano),Falta de informação sobre opções disponíveis
2026/03/22 7:09:00 p.m. CET,Sou cuidador/a de uma pessoa com deficiência,Zona Suburbana,Intelectual (dificuldade de aprendizagem),Acesso irregular ou muito limitado,Ensino primário,Penso higiénico (descartável ou pano),Falta de informação sobre opções disponíveis
2026/03/22 7:13:00 p.m. CET,Sou cuidador/a de uma pessoa com deficiência,Zona Suburbana,Intelectual (dificuldade de aprendizagem),Acesso irregular ou muito limitado,Ensino primário,Penso higiénico (descartável ou pano),Falta de informação sobre opções disponíveis
2026/03/22 7:16:00 p.m. CET,Sou cuidador/a de uma pessoa com deficiência,Zona Suburbana,Intelectual (dificuldade de aprendizagem),Acesso irregular ou muito limitado,Ensino primário,Penso higiénico (descartável ou pano),Falta de informação sobre opções disponíveis
2026/03/22 7:17:00 p.m. CET,Sou cuidador/a de uma pessoa com deficiência,Zona Suburbana,Intelectual (dificuldade de aprendizagem),Acesso irregular ou muito limitado,Ensino primário,Penso higiénico (descartável ou pano),Falta de informação sobre opções disponíveis
2026/03/22 7:19:00 p.m. CET,Sou cuidador/a de uma pessoa com deficiência,Zona Suburbana,Intelectual (dificuldade de aprendizagem),Acesso irregular ou muito limitado,Ensino primário,Penso higiénico (descartável ou pano),Falta de informação sobre opções disponíveis
2026/03/22 7:21:00 p.m. CET,Sou cuidador/a de uma pessoa com deficiência,Zona Suburbana,Intelectual (dificuldade de aprendizagem),Acesso irregular ou muito limitado,Ensino primário,Penso higiénico (descartável ou pano),Falta de informação sobre opções disponíveis
2026/03/22 7:23:00 p.m. CET,Sou cuidador/a de uma pessoa com deficiência,Zona Suburbana,Intelectual (dificuldade de aprendizagem),Acesso irregular ou muito limitado,Ensino primário,Penso higiénico (descartável ou pano),Falta de informação sobre opções disponíveis
2026/03/22 7:28:00 p.m. CET,Sou Profissional De Saúde,Zona Suburbana,Auditiva (surdez parcial ou total),"Poço, nascente ou chafariz próximo",Ensino Médio,Penso higiénico (descartável ou pano),Falta de informação sobre opções disponíveis
2026/03/22 7:32:00 p.m. CET,Sou Profissional De Saúde,Zona Suburbana,Auditiva (surdez parcial ou total),"Poço, nascente ou chafariz próximo",Ensino Médio,Penso higiénico (descartável ou pano),Falta de informação sobre opções disponíveis
2026/03/22 7:34:00 p.m. CET,Sou Profissional De Saúde,Zona Suburbana,Auditiva (surdez parcial ou total),"Poço, nascente ou chafariz próximo",Ensino Médio,Penso higiénico (descartável ou pano),Falta de informação sobre opções disponíveis
2026/03/22 7:38:00 p.m. CET,Sou Profissional De Saúde,Zona Suburbana,Auditiva (surdez parcial ou total),"Poço, nascente ou chafariz próximo",Ensino Médio,Penso higiénico (descartável ou pano),Falta de informação sobre opções disponíveis
2026/03/22 7:40:00 p.m. CET,Sou Profissional De Saúde,Zona Suburbana,Auditiva (surdez parcial ou total),"Poço, nascente ou chafariz próximo",Ensino Médio,Penso higiénico (descartável ou pano),Falta de informação sobre opções disponíveis
2026/03/22 7:43:00 p.m. CET,Sou Profissional De Saúde,Zona Suburbana,Auditiva (surdez parcial ou total),"Poço, nascente ou chafariz próximo",Ensino Médio,Penso higiénico (descartável ou pano),Falta de informação sobre opções disponíveis
2026/03/22 7:47:00 p.m. CET,Sou Profissional De Saúde,Zona Suburbana,Auditiva (surdez parcial ou total),"Poço, nascente ou chafariz próximo",Ensino Médio,Penso higiénico (descartável ou pano),Falta de informação sobre opções disponíveis
2026/03/22 7:49:00 p.m. CET,Sou Profissional De Saúde,Zona Suburbana,Auditiva (surdez parcial ou total),"Poço, nascente ou chafariz próximo",Ensino Médio,Penso higiénico (descartável ou pano),Falta de informação sobre opções disponíveis
2026/03/22 7:50:00 p.m. CET,Sou Profissional De Saúde,Zona Suburbana,Auditiva (surdez parcial ou total),"Poço, nascente ou chafariz próximo",Ensino Médio,Penso higiénico (descartável ou pano),Falta de informação sobre opções disponíveis
2026/03/22 7:54:00 p.m. CET,Sou Profissional De Saúde,Zona Suburbana,Auditiva (surdez parcial ou total),"Poço, nascente ou chafariz próximo",Ensino Médio,Penso higiénico (descartável ou pano),Falta de informação sobre opções disponíveis
